{
  "version": 1,
  "author": "Maspion Rd",
  "editor": "wokwi",
  "parts": [
    { "type": "wokwi-esp32-devkit-v1", "id": "esp", "top": -0.37, "left": -120.76, "attrs": {} },
    {
      "type": "wokwi-buzzer",
      "id": "bz1",
      "top": -51.62,
      "left": -183.92,
      "attrs": { "volume": "0.1" }
    },
    {
      "type": "wokwi-hc-sr04",
      "id": "ultrasonic1",
      "top": -58.49,
      "left": 227.3,
      "attrs": { "distance": "270" }
    },
    { "type": "wokwi-servo", "id": "servo1", "top": 169.1, "left": -15.59, "attrs": {} },
    {
      "type": "wokwi-led",
      "id": "led1",
      "top": -32.15,
      "left": 95.48,
      "attrs": { "color": "red" }
    },
    {
      "type": "wokwi-led",
      "id": "led2",
      "top": -32.17,
      "left": 128.4,
      "attrs": { "color": "green" }
    },
    {
      "type": "wokwi-resistor",
      "id": "r1",
      "top": 24.62,
      "left": 24.75,
      "attrs": { "value": "1000" }
    },
    {
      "type": "wokwi-resistor",
      "id": "r2",
      "top": 13.93,
      "left": 24.75,
      "attrs": { "value": "1000" }
    }
  ],
  "connections": [
    [ "esp:TX0", "$serialMonitor:RX", "", [] ],
    [ "esp:RX0", "$serialMonitor:TX", "", [] ],
    [ "bz1:2", "esp:D13", "green", [ "v0" ] ],
    [ "bz1:1", "esp:GND.2", "black", [ "v0" ] ],
    [ "ultrasonic1:VCC", "esp:3V3", "red", [ "v0" ] ],
    [ "ultrasonic1:GND", "esp:GND.1", "black", [ "v0" ] ],
    [ "ultrasonic1:TRIG", "esp:D2", "gold", [ "v0" ] ],
    [ "ultrasonic1:ECHO", "esp:D4", "orange", [ "v0" ] ],
    [ "servo1:GND", "esp:GND.2", "black", [ "h-151.63", "v-104.8" ] ],
    [ "servo1:V+", "esp:VIN", "red", [ "h-166.97", "v-106.3" ] ],
    [ "servo1:PWM", "esp:D12", "cyan", [ "h-158.97", "v-155.13" ] ],
    [ "led1:C", "esp:GND.1", "black", [ "v0" ] ],
    [ "led2:C", "esp:GND.1", "black", [ "v0" ] ],
    [ "led2:A", "r1:2", "red", [ "v0" ] ],
    [ "led1:A", "r2:2", "red", [ "v13.93", "h-33.04" ] ],
    [ "r2:1", "esp:D23", "red", [ "v0" ] ],
    [ "r1:1", "esp:D22", "red", [ "v0" ] ]
  ],
  "dependencies": {}
}